
Insert into APP_PBE.GRANT_OWNERS (ID,NAME,EMAIL_ADDRESSES_GRANT_APP_INFO) values (100,'Sodexo - Kierunek Kariera','marcel.golunski@sodexo.com');
Insert into APP_PBE.GRANT_PROGRAMS (ID,GRANT_OWNER_ID,PROGRAM_NAME,START_DATE,END_DATE) values (100, 100,'Kierunek Kariera',to_date('16/10/01','RR/MM/DD'),null);

Insert into APP_PBE.GRANT_PROGRAM_PARAM_TYPES (ID, NAME, DESCRIPRTION) values ('OWN_CONT_P','Procent wk³adu w³asnego','Procent wk³adu w³asnego jak¹ u¿ytkownik musi wp³aciæ przy realizacji danego programu dofinansownaia. Warto¹œæ parametru musi byæ liczba bez znaku procent np: 13, 30.33, 12.341');
Insert into APP_PBE.GRANT_PROGRAM_PARAM_TYPES (ID, NAME, DESCRIPRTION) values ('M_ORD_CON','Max. iloœæ zamowieñ dla umowy', 'Maksymalna iloœæ zamowieñ dla jednej umowy np.2');
Insert into APP_PBE.GRANT_PROGRAM_PARAM_TYPES (ID, NAME, DESCRIPRTION) values ('M_PRIN_CON','Max. iloœæ produktów dla umowy','Maksymalna iloœæ produktów dla jednej umowy np.180');
Insert into APP_PBE.GRANT_PROGRAM_PARAMS (ID, GRANT_PROGRAM_ID, PARAM_ID, VALUE, DATE_FROM, DATE_TO) values (1, 100, 'OWN_CONT_P', '13', null, null);
Insert into APP_PBE.GRANT_PROGRAM_PARAMS (ID, GRANT_PROGRAM_ID, PARAM_ID, VALUE, DATE_FROM, DATE_TO) values (2, 100, 'M_ORD_CON', '2', null, null);
Insert into APP_PBE.GRANT_PROGRAM_PARAMS (ID, GRANT_PROGRAM_ID, PARAM_ID, VALUE, DATE_FROM, DATE_TO) values (3, 100, 'M_PRIN_CON', '180', null, null);


Insert into APP_PBE.ORDER_FLOW_STATUSES (STATUS_ID,STATUS_NAME) values ('NEWKK', 'Nowe');
Insert into APP_PBE.ORDER_FLOW_STATUSES (STATUS_ID,STATUS_NAME) values ('PAIDKK', 'Op³acone');
Insert into APP_PBE.ORDER_FLOW_STATUSES (STATUS_ID,STATUS_NAME) values ('DOCGENKK', 'Wygenerowano dokumenty');
Insert into APP_PBE.ORDER_FLOW_STATUSES (STATUS_ID,STATUS_NAME) values ('PROCESSDKK', 'Zrealizowane');
Insert into APP_PBE.ORDER_FLOW_STATUSES (STATUS_ID,STATUS_NAME) values ('SENTKK', 'Wys³ane');
Insert into APP_PBE.ORDER_FLOW_STATUSES (STATUS_ID,STATUS_NAME) values ('EKSPORTKK', 'Wyeksportowane');
Insert into APP_PBE.ORDER_FLOW_STATUSES (STATUS_ID,STATUS_NAME) values ('CANCELLDKK', 'Anulowane');

Insert into APP_PBE.ORDER_FLOW_STATUS_PROPERTIES (ID, ORDER_FLOW_ID, STATUS_ID, FINAL_STATUS, SUCCESS_STATUS) values (4, 100, 'CANCELLDKK', 'Y', 'N');




Insert into APP_PBE.ORDER_FLOWS (ID,NAME,INITIAL_STATUS_ID) values (100,'Przepyw zamówienia - Kierunek Kariera','NEWKK');
Insert into APP_PBE.ORDER_FLOWS_FOR_GR_PROGRAMS(ID, GRANT_PROGRAM_ID, ORDER_FLOW_ID, DATE_FROM, DATE_TO) values (1, 100, 100, null, null);


update APP_PBE.ORDER_FLOW_ALLOWED_DELAY_TYPES set NAME = 'Dopuszczalne opóŸnienie p³atnoœci po umowie', DESCRIPTION = 'Dopuszczalne opóŸnienie na dokonanie p³atnoœci po podpisaniu umowy' where ID = 'PAYAFSIGN';
Insert into APP_PBE.ORDER_FLOW_ALLOWED_DELAYS (ID,ORDER_FLOW_ID,DELAY_TYPE_ID,DELAY_VALUE,DELAY_DAYS_TYPE,REMARKS) values (9,100,'PAYAFSIGN',14,'B','Dozwolony czas na p³atnoœæ po podpisaniu umowy - 14 dni robczych');


Insert into APP_PBE.ORDER_FLOW_STATUS_TRANSITIONS (ORDER_FLOW_ID,STATUS_ID,ACTION_ID,ACTION_NAME,ACTION_DESCRIPTION,ACTION_CLASS,NEXT_STATUS_ID,AUG_ID_REQUIRED, AUTOMATIC) values (100,'NEWKK',10012,'Rejestruj wp³atê','Akcja rejestruj¹ca wpatê wkadu wasnego','careerDirectionRegisterPayment','PAIDKK',null, 'N');
Insert into APP_PBE.ORDER_FLOW_STATUS_TRANSITIONS (ORDER_FLOW_ID,STATUS_ID,ACTION_ID,ACTION_NAME,ACTION_DESCRIPTION,ACTION_CLASS,NEXT_STATUS_ID,AUG_ID_REQUIRED, AUTOMATIC) values (100,'PAIDKK',10023,'Wydaj bony','Akcja wydaje bony elektroniczne','careerDirectionCreateProducyInstancePool','DOCGENKK',null, 'Y');
Insert into APP_PBE.ORDER_FLOW_STATUS_TRANSITIONS (ORDER_FLOW_ID,STATUS_ID,ACTION_ID,ACTION_NAME,ACTION_DESCRIPTION,ACTION_CLASS,NEXT_STATUS_ID,AUG_ID_REQUIRED, AUTOMATIC) values (100,'DOCGENKK',10034, 'Drukuj dokumenty','Akcja generuje niezbêdne dokumenty ksiêgowe','careerDirectionGenerateDocuments','PROCESSDKK',null, 'Y');
Insert into APP_PBE.ORDER_FLOW_STATUS_TRANSITIONS (ORDER_FLOW_ID,STATUS_ID,ACTION_ID,ACTION_NAME,ACTION_DESCRIPTION,ACTION_CLASS,NEXT_STATUS_ID,AUG_ID_REQUIRED, AUTOMATIC) values (100,'PROCESSDKK',10045,'Wyœlij zamówienie','Akcja wysy³a maila do u¿ytkownika z niezbednymi danymi','careerDirectionSendOrder','SENTKK',null, 'Y');

Insert into APP_PBE.ORDER_FLOW_STATUS_TRANSITIONS (ORDER_FLOW_ID,STATUS_ID,ACTION_ID,ACTION_NAME,ACTION_DESCRIPTION,ACTION_CLASS,NEXT_STATUS_ID,AUG_ID_REQUIRED, AUTOMATIC) values (100,'NEWKK',10015,'Anuluj','Akcja anuluje zamówienie',null,'CANCELLDKK',null, 'N');
Insert into APP_PBE.ORDER_FLOW_STATUS_TRANSITIONS (ORDER_FLOW_ID,STATUS_ID,ACTION_ID,ACTION_NAME,ACTION_DESCRIPTION,ACTION_CLASS,NEXT_STATUS_ID,AUG_ID_REQUIRED, AUTOMATIC) values (100,'PAIDKK',10025,'Anuluj','Akcja anuluje zamówienie',null,'CANCELLDKK',null, 'N');

Insert into APP_PBE.ORDER_FLOW_ELEMENT_TYPES (ID,DESCRIPTION,COMPONENT_NAME) values ('C_CONTRA','Element z³o¿ony reprezentuj¹cy podstawowe dane o umowie. Front: html i JS, Backend: serwisy, DTOsy do obs³ugi elementu z³o¿onego powo³ywane s¹ dynamicznie na podstawie nazwy przechowywanej w kolumnie COMPONENT_NAME','ComplexTypeBasicContractInfo');
Insert into APP_PBE.ORDER_FLOW_ELEMENT_TYPES (ID,DESCRIPTION,COMPONENT_NAME) values ('C_PBEPRO','Element z³o¿ony reprezentuj¹cy podstawowe dane o bonach elektronicznych. Front: html i JS, Backend: serwisy, DTOsy do obs³ugi elementu z³o¿onego powo³ywane s¹ dynamicznie na podstawie nazwy przechowywanej w kolumnie COMPONENT_NAME','ComplexTypePbeProductInfo');




Insert into APP_PBE.ORDER_FLOW_ELEMENTS (ELEMENT_ID,ELEMENT_NAME,ELEMENT_TYPE_ID,ELEMENT_TYPE_PARAMS,ELEMENT_DESCRIPTION) values ('ORDINF_KK','Informacje o zamówieniu','C_BSORDIFO',null,'Element z³o¿ony przetrzymuj¹cy podstawowe informacje o zamówieniu');
Insert into APP_PBE.ORDER_FLOW_ELEMENTS (ELEMENT_ID,ELEMENT_NAME,ELEMENT_TYPE_ID,ELEMENT_TYPE_PARAMS,ELEMENT_DESCRIPTION) values ('CONTRA_KK','Informacje o umowie','C_CONTRA',null,'Element z³o¿ony przetrzymuj¹cy podstawowe informacje o umowie');
Insert into APP_PBE.ORDER_FLOW_ELEMENTS (ELEMENT_ID,ELEMENT_NAME,ELEMENT_TYPE_ID,ELEMENT_TYPE_PARAMS,ELEMENT_DESCRIPTION) values ('ADRINV_KK','Adres do faktury','ATTR_V','MAX_LENGTH=100','Element przetrzymuj¹cy adres na fakturze');
Insert into APP_PBE.ORDER_FLOW_ELEMENTS (ELEMENT_ID,ELEMENT_NAME,ELEMENT_TYPE_ID,ELEMENT_TYPE_PARAMS,ELEMENT_DESCRIPTION) values ('ADRCOR_KK','Adres korespondencyjny','ATTR_V','MAX_LENGTH=100','Element przetrzymuj¹cy adres korespondencyjny');
Insert into APP_PBE.ORDER_FLOW_ELEMENTS (ELEMENT_ID,ELEMENT_NAME,ELEMENT_TYPE_ID,ELEMENT_TYPE_PARAMS,ELEMENT_DESCRIPTION) values ('PCODINV_KK','Kod pocztowy do faktury','ATTR_V','MAX_LENGTH=100','Element przetrzymuj¹cy kod pocztowy na fakturze');
Insert into APP_PBE.ORDER_FLOW_ELEMENTS (ELEMENT_ID,ELEMENT_NAME,ELEMENT_TYPE_ID,ELEMENT_TYPE_PARAMS,ELEMENT_DESCRIPTION) values ('PCODCOR_KK','Kod pocztowy korespondencyjny','ATTR_V','MAX_LENGTH=100','Element przetrzymuj¹cy kod pocztowy korespondencyjny');


Insert into APP_PBE.ORDER_FLOW_ELEMENTS (ELEMENT_ID,ELEMENT_NAME,ELEMENT_TYPE_ID,ELEMENT_TYPE_PARAMS,ELEMENT_DESCRIPTION) values ('PBEPRO_KK','Informacje o bonach','C_PBEPRO',null,'Element z³o¿ony przetrzymuj¹cy podstawowe informacje o bonach elektronicznych');
Insert into APP_PBE.ORDER_FLOW_ELEMENTS (ELEMENT_ID,ELEMENT_NAME,ELEMENT_TYPE_ID,ELEMENT_TYPE_PARAMS,ELEMENT_DESCRIPTION) values ('PRDNUM_KK','Iloœæ bonów','ATTR_N','FORMAT=INTEGER;MIN_VALUE=0;MAX_VALUE=1000','Element przetrzynuj¹cy iloœæ bonów, które bêd¹ realizowane w danym zamowieniu.');
Insert into APP_PBE.ORDER_FLOW_ELEMENTS (ELEMENT_ID,ELEMENT_NAME,ELEMENT_TYPE_ID,ELEMENT_TYPE_PARAMS,ELEMENT_DESCRIPTION) values ('PRDAMO_KK','Kwota jednego bonu','ATTR_N','FORMAT=CURRENCY','Element przetrzynuj¹cy kwotê jednego bonu.');
Insert into APP_PBE.ORDER_FLOW_ELEMENTS (ELEMENT_ID,ELEMENT_NAME,ELEMENT_TYPE_ID,ELEMENT_TYPE_PARAMS,ELEMENT_DESCRIPTION) values ('OWNCONP_KK','Procent wk³adu w³asnego','ATTR_N','FORMAT=CURRENCY','Element przetrzynuj¹cy procent wk³adu w³asnego, jaki u¿ytkownik musi wp³aciæ aby realizowac bony.');
Insert into APP_PBE.ORDER_FLOW_ELEMENTS (ELEMENT_ID,ELEMENT_NAME,ELEMENT_TYPE_ID,ELEMENT_TYPE_PARAMS,ELEMENT_DESCRIPTION) values ('OWNCONA_KK','Kwota wk³adu w³asnego','ATTR_N','FORMAT=CURRENCY','Element przetrzynuj¹cy kwotê wk³adu w³asnego, jaki u¿ytkownik musi wp³aciæ aby realizowac bony.');
Insert into APP_PBE.ORDER_FLOW_ELEMENTS (ELEMENT_ID,ELEMENT_NAME,ELEMENT_TYPE_ID,ELEMENT_TYPE_PARAMS,ELEMENT_DESCRIPTION) values ('GRAAMO_KK','Kwota dofinansowania','ATTR_N','FORMAT=CURRENCY','Element przetrzynuj¹cy kwotê dofinansowania');
Insert into APP_PBE.ORDER_FLOW_ELEMENTS (ELEMENT_ID,ELEMENT_NAME,ELEMENT_TYPE_ID,ELEMENT_TYPE_PARAMS,ELEMENT_DESCRIPTION) values ('ORDAMO_KK','Kwota zamówienia','ATTR_N','FORMAT=CURRENCY','Element przetrzynuj¹cy kwotê zamowienia');

Insert into APP_PBE.ORDER_FLOW_ELEMENTS (ELEMENT_ID,ELEMENT_NAME,ELEMENT_TYPE_ID,ELEMENT_TYPE_PARAMS,ELEMENT_DESCRIPTION) values ('PAYD_KK','Data wp³aty (wp³yniêcia œrodków)','ATTR_D','FORMAT=DATE','Data wp³aty (wp³yniêcia œrodków)');
Insert into APP_PBE.ORDER_FLOW_ELEMENTS (ELEMENT_ID,ELEMENT_NAME,ELEMENT_TYPE_ID,ELEMENT_TYPE_PARAMS,ELEMENT_DESCRIPTION) values ('COND_KK','Data podpiêcia p³atnoœci','ATTR_D','FORMAT=DATE','Data podpiêcia p³atnoœci');
Insert into APP_PBE.ORDER_FLOW_ELEMENTS (ELEMENT_ID,ELEMENT_NAME,ELEMENT_TYPE_ID,ELEMENT_TYPE_PARAMS,ELEMENT_DESCRIPTION) values ('PAYAMA_KK','Kwota wp³aty','ATTR_N','FORMAT=CURRENCY','Kwota wp³aty');
Insert into APP_PBE.ORDER_FLOW_ELEMENTS (ELEMENT_ID,ELEMENT_NAME,ELEMENT_TYPE_ID,ELEMENT_TYPE_PARAMS,ELEMENT_DESCRIPTION) values ('CONAMA_KK','Kwota podpiêcia','ATTR_N','FORMAT=CURRENCY','Kwota podpiêcia');
Insert into APP_PBE.ORDER_FLOW_ELEMENTS (ELEMENT_ID,ELEMENT_NAME,ELEMENT_TYPE_ID,ELEMENT_TYPE_PARAMS,ELEMENT_DESCRIPTION) values ('TITLE_KK','Tytu³ przelewu','ATTR_V','MAX_LENGTH=50;TYPE=TEXTAREA;ROWS=10;COLS=50; ','Tytu³ przelewu');
Insert into APP_PBE.ORDER_FLOW_ELEMENTS (ELEMENT_ID,ELEMENT_NAME,ELEMENT_TYPE_ID,ELEMENT_TYPE_PARAMS,ELEMENT_DESCRIPTION) values ('DOWNDIS_KK','Nota obcia¿eniowo-ksiêgowa na wk³ad w³asny','ATTACHMENT',null,'Element reprezentuj¹cy wygenerowan¹ notê obcia¿eniowo-ksiêgow¹ na wk³ad w³asny - pole uzupe³niane automatycznie');
Insert into APP_PBE.ORDER_FLOW_ELEMENTS (ELEMENT_ID,ELEMENT_NAME,ELEMENT_TYPE_ID,ELEMENT_TYPE_PARAMS,ELEMENT_DESCRIPTION) values ('ATTAC01_KK','Nota obcia¿eniowo-ksiêgowa na wk³ad w³asny (gdy inna ni¿ wygenerowana)','ATTACHMENT',null,'Element reprezentuj¹cy notê obcia¿eniowo-ksiêgow¹ na wk³ad w³asny wysylan¹ do u¿ytkownika');

Insert into APP_PBE.ORDER_FLOW_ELEMENTS (ELEMENT_ID,ELEMENT_NAME,ELEMENT_TYPE_ID,ELEMENT_TYPE_PARAMS,ELEMENT_DESCRIPTION) values ('ORDEMA_KK','Email do uczestnika o zrealizowaniu zamówienia','C_EMAIL','EMAIL_SERVICE_BEAN=pbeProductOrderEmailService;ROWS=10;COLS=50','Element reprezentuj¹cy pola emaila (z wy³¹czeniem za³¹czników) z informacj¹ o zrealizownaiu zamówieniu na bony elektroniczne');
Insert into APP_PBE.ORDER_FLOW_ELEMENTS (ELEMENT_ID,ELEMENT_NAME,ELEMENT_TYPE_ID,ELEMENT_TYPE_PARAMS,ELEMENT_DESCRIPTION) values ('CANREAS_KK','Przyczyna anulowania zamówienia','COMBOBOX','SQL_EXPRESSION=select ''BRAK_WP'', ''Nie wpacono wpaty wasnej'' from dual union select ''INNE'', ''Inne''  from dual','Przyczyna anulowania zamówienia');





Insert into APP_PBE.ORDER_FLOW_ELEMENTS_IN_STATUS (STATUS_ID,ELEMENT_ID,POS,FLAGS,AUG_ID_REQUIRED,ALLOWED_DELAY_TYPE_ID) values ('NEWKK',       'ORDINF_KK',1, null, null,null);
Insert into APP_PBE.ORDER_FLOW_ELEMENTS_IN_STATUS (STATUS_ID,ELEMENT_ID,POS,FLAGS,AUG_ID_REQUIRED,ALLOWED_DELAY_TYPE_ID) values ('PAIDKK',      'ORDINF_KK',1, null, null,null);
Insert into APP_PBE.ORDER_FLOW_ELEMENTS_IN_STATUS (STATUS_ID,ELEMENT_ID,POS,FLAGS,AUG_ID_REQUIRED,ALLOWED_DELAY_TYPE_ID) values ('DOCGENKK',    'ORDINF_KK',1, null, null,null);
Insert into APP_PBE.ORDER_FLOW_ELEMENTS_IN_STATUS (STATUS_ID,ELEMENT_ID,POS,FLAGS,AUG_ID_REQUIRED,ALLOWED_DELAY_TYPE_ID) values ('PROCESSDKK',  'ORDINF_KK',1, null, null,null);
Insert into APP_PBE.ORDER_FLOW_ELEMENTS_IN_STATUS (STATUS_ID,ELEMENT_ID,POS,FLAGS,AUG_ID_REQUIRED,ALLOWED_DELAY_TYPE_ID) values ('SENTKK',      'ORDINF_KK',1, null, null,null);
Insert into APP_PBE.ORDER_FLOW_ELEMENTS_IN_STATUS (STATUS_ID,ELEMENT_ID,POS,FLAGS,AUG_ID_REQUIRED,ALLOWED_DELAY_TYPE_ID) values ('EKSPORTKK',   'ORDINF_KK',1, null, null,null);
Insert into APP_PBE.ORDER_FLOW_ELEMENTS_IN_STATUS (STATUS_ID,ELEMENT_ID,POS,FLAGS,AUG_ID_REQUIRED,ALLOWED_DELAY_TYPE_ID) values ('CANCELLDKK',  'ORDINF_KK',1, null, null,null);

Insert into APP_PBE.ORDER_FLOW_ELEMENTS_IN_STATUS (STATUS_ID,ELEMENT_ID,POS,FLAGS,AUG_ID_REQUIRED,ALLOWED_DELAY_TYPE_ID) values ('NEWKK',       'CONTRA_KK',2, null, null,null);
Insert into APP_PBE.ORDER_FLOW_ELEMENTS_IN_STATUS (STATUS_ID,ELEMENT_ID,POS,FLAGS,AUG_ID_REQUIRED,ALLOWED_DELAY_TYPE_ID) values ('PAIDKK',      'CONTRA_KK',2, null, null,null);
Insert into APP_PBE.ORDER_FLOW_ELEMENTS_IN_STATUS (STATUS_ID,ELEMENT_ID,POS,FLAGS,AUG_ID_REQUIRED,ALLOWED_DELAY_TYPE_ID) values ('DOCGENKK',    'CONTRA_KK',2, null, null,null);
Insert into APP_PBE.ORDER_FLOW_ELEMENTS_IN_STATUS (STATUS_ID,ELEMENT_ID,POS,FLAGS,AUG_ID_REQUIRED,ALLOWED_DELAY_TYPE_ID) values ('PROCESSDKK',  'CONTRA_KK',2, null, null,null);
Insert into APP_PBE.ORDER_FLOW_ELEMENTS_IN_STATUS (STATUS_ID,ELEMENT_ID,POS,FLAGS,AUG_ID_REQUIRED,ALLOWED_DELAY_TYPE_ID) values ('SENTKK',      'CONTRA_KK',2, null, null,null);
Insert into APP_PBE.ORDER_FLOW_ELEMENTS_IN_STATUS (STATUS_ID,ELEMENT_ID,POS,FLAGS,AUG_ID_REQUIRED,ALLOWED_DELAY_TYPE_ID) values ('EKSPORTKK',   'CONTRA_KK',2, null, null,null);
Insert into APP_PBE.ORDER_FLOW_ELEMENTS_IN_STATUS (STATUS_ID,ELEMENT_ID,POS,FLAGS,AUG_ID_REQUIRED,ALLOWED_DELAY_TYPE_ID) values ('CANCELLDKK',  'CONTRA_KK',2, null, null,null);

Insert into APP_PBE.ORDER_FLOW_ELEMENTS_IN_STATUS (STATUS_ID,ELEMENT_ID,POS,FLAGS,AUG_ID_REQUIRED,ALLOWED_DELAY_TYPE_ID) values ('NEWKK',       'ADRINV_KK',10, 'IUM', null,'PAYAFSIGN');
Insert into APP_PBE.ORDER_FLOW_ELEMENTS_IN_STATUS (STATUS_ID,ELEMENT_ID,POS,FLAGS,AUG_ID_REQUIRED,ALLOWED_DELAY_TYPE_ID) values ('PAIDKK',      'ADRINV_KK',10, null, null,null);
Insert into APP_PBE.ORDER_FLOW_ELEMENTS_IN_STATUS (STATUS_ID,ELEMENT_ID,POS,FLAGS,AUG_ID_REQUIRED,ALLOWED_DELAY_TYPE_ID) values ('DOCGENKK',    'ADRINV_KK',10, null, null,null);
Insert into APP_PBE.ORDER_FLOW_ELEMENTS_IN_STATUS (STATUS_ID,ELEMENT_ID,POS,FLAGS,AUG_ID_REQUIRED,ALLOWED_DELAY_TYPE_ID) values ('PROCESSDKK',  'ADRINV_KK',10, null, null,null);
Insert into APP_PBE.ORDER_FLOW_ELEMENTS_IN_STATUS (STATUS_ID,ELEMENT_ID,POS,FLAGS,AUG_ID_REQUIRED,ALLOWED_DELAY_TYPE_ID) values ('SENTKK',      'ADRINV_KK',10, null, null,null);
Insert into APP_PBE.ORDER_FLOW_ELEMENTS_IN_STATUS (STATUS_ID,ELEMENT_ID,POS,FLAGS,AUG_ID_REQUIRED,ALLOWED_DELAY_TYPE_ID) values ('EKSPORTKK',   'ADRINV_KK',10, null, null,null);
Insert into APP_PBE.ORDER_FLOW_ELEMENTS_IN_STATUS (STATUS_ID,ELEMENT_ID,POS,FLAGS,AUG_ID_REQUIRED,ALLOWED_DELAY_TYPE_ID) values ('CANCELLDKK',  'ADRINV_KK',10, null, null,null);

Insert into APP_PBE.ORDER_FLOW_ELEMENTS_IN_STATUS (STATUS_ID,ELEMENT_ID,POS,FLAGS,AUG_ID_REQUIRED,ALLOWED_DELAY_TYPE_ID) values ('NEWKK',       'PCODINV_KK',11, 'IUM', null,'PAYAFSIGN');
Insert into APP_PBE.ORDER_FLOW_ELEMENTS_IN_STATUS (STATUS_ID,ELEMENT_ID,POS,FLAGS,AUG_ID_REQUIRED,ALLOWED_DELAY_TYPE_ID) values ('PAIDKK',      'PCODINV_KK',11, null, null,null);
Insert into APP_PBE.ORDER_FLOW_ELEMENTS_IN_STATUS (STATUS_ID,ELEMENT_ID,POS,FLAGS,AUG_ID_REQUIRED,ALLOWED_DELAY_TYPE_ID) values ('DOCGENKK',    'PCODINV_KK',11, null, null,null);
Insert into APP_PBE.ORDER_FLOW_ELEMENTS_IN_STATUS (STATUS_ID,ELEMENT_ID,POS,FLAGS,AUG_ID_REQUIRED,ALLOWED_DELAY_TYPE_ID) values ('PROCESSDKK',  'PCODINV_KK',11, null, null,null);
Insert into APP_PBE.ORDER_FLOW_ELEMENTS_IN_STATUS (STATUS_ID,ELEMENT_ID,POS,FLAGS,AUG_ID_REQUIRED,ALLOWED_DELAY_TYPE_ID) values ('SENTKK',      'PCODINV_KK',11, null, null,null);
Insert into APP_PBE.ORDER_FLOW_ELEMENTS_IN_STATUS (STATUS_ID,ELEMENT_ID,POS,FLAGS,AUG_ID_REQUIRED,ALLOWED_DELAY_TYPE_ID) values ('EKSPORTKK',   'PCODINV_KK',11, null, null,null);
Insert into APP_PBE.ORDER_FLOW_ELEMENTS_IN_STATUS (STATUS_ID,ELEMENT_ID,POS,FLAGS,AUG_ID_REQUIRED,ALLOWED_DELAY_TYPE_ID) values ('CANCELLDKK',  'PCODINV_KK',11, null, null,null);


Insert into APP_PBE.ORDER_FLOW_ELEMENTS_IN_STATUS (STATUS_ID,ELEMENT_ID,POS,FLAGS,AUG_ID_REQUIRED,ALLOWED_DELAY_TYPE_ID) values ('NEWKK',       'ADRCOR_KK',12, 'IUM', null,'PAYAFSIGN');
Insert into APP_PBE.ORDER_FLOW_ELEMENTS_IN_STATUS (STATUS_ID,ELEMENT_ID,POS,FLAGS,AUG_ID_REQUIRED,ALLOWED_DELAY_TYPE_ID) values ('PAIDKK',      'ADRCOR_KK',12, null, null,null);
Insert into APP_PBE.ORDER_FLOW_ELEMENTS_IN_STATUS (STATUS_ID,ELEMENT_ID,POS,FLAGS,AUG_ID_REQUIRED,ALLOWED_DELAY_TYPE_ID) values ('DOCGENKK',    'ADRCOR_KK',12, null, null,null);
Insert into APP_PBE.ORDER_FLOW_ELEMENTS_IN_STATUS (STATUS_ID,ELEMENT_ID,POS,FLAGS,AUG_ID_REQUIRED,ALLOWED_DELAY_TYPE_ID) values ('PROCESSDKK',  'ADRCOR_KK',12, null, null,null);
Insert into APP_PBE.ORDER_FLOW_ELEMENTS_IN_STATUS (STATUS_ID,ELEMENT_ID,POS,FLAGS,AUG_ID_REQUIRED,ALLOWED_DELAY_TYPE_ID) values ('SENTKK',      'ADRCOR_KK',12, null, null,null);
Insert into APP_PBE.ORDER_FLOW_ELEMENTS_IN_STATUS (STATUS_ID,ELEMENT_ID,POS,FLAGS,AUG_ID_REQUIRED,ALLOWED_DELAY_TYPE_ID) values ('EKSPORTKK',   'ADRCOR_KK',12, null, null,null);
Insert into APP_PBE.ORDER_FLOW_ELEMENTS_IN_STATUS (STATUS_ID,ELEMENT_ID,POS,FLAGS,AUG_ID_REQUIRED,ALLOWED_DELAY_TYPE_ID) values ('CANCELLDKK',  'ADRCOR_KK',12, null, null,null);

Insert into APP_PBE.ORDER_FLOW_ELEMENTS_IN_STATUS (STATUS_ID,ELEMENT_ID,POS,FLAGS,AUG_ID_REQUIRED,ALLOWED_DELAY_TYPE_ID) values ('NEWKK',       'PCODCOR_KK',13, 'IUM', null,'PAYAFSIGN');
Insert into APP_PBE.ORDER_FLOW_ELEMENTS_IN_STATUS (STATUS_ID,ELEMENT_ID,POS,FLAGS,AUG_ID_REQUIRED,ALLOWED_DELAY_TYPE_ID) values ('PAIDKK',      'PCODCOR_KK',13, null, null,null);
Insert into APP_PBE.ORDER_FLOW_ELEMENTS_IN_STATUS (STATUS_ID,ELEMENT_ID,POS,FLAGS,AUG_ID_REQUIRED,ALLOWED_DELAY_TYPE_ID) values ('DOCGENKK',    'PCODCOR_KK',13, null, null,null);
Insert into APP_PBE.ORDER_FLOW_ELEMENTS_IN_STATUS (STATUS_ID,ELEMENT_ID,POS,FLAGS,AUG_ID_REQUIRED,ALLOWED_DELAY_TYPE_ID) values ('PROCESSDKK',  'PCODCOR_KK',13, null, null,null);
Insert into APP_PBE.ORDER_FLOW_ELEMENTS_IN_STATUS (STATUS_ID,ELEMENT_ID,POS,FLAGS,AUG_ID_REQUIRED,ALLOWED_DELAY_TYPE_ID) values ('SENTKK',      'PCODCOR_KK',13, null, null,null);
Insert into APP_PBE.ORDER_FLOW_ELEMENTS_IN_STATUS (STATUS_ID,ELEMENT_ID,POS,FLAGS,AUG_ID_REQUIRED,ALLOWED_DELAY_TYPE_ID) values ('EKSPORTKK',   'PCODCOR_KK',13, null, null,null);
Insert into APP_PBE.ORDER_FLOW_ELEMENTS_IN_STATUS (STATUS_ID,ELEMENT_ID,POS,FLAGS,AUG_ID_REQUIRED,ALLOWED_DELAY_TYPE_ID) values ('CANCELLDKK',  'PCODCOR_KK',13, null, null,null);


Insert into APP_PBE.ORDER_FLOW_ELEMENTS_IN_STATUS (STATUS_ID,ELEMENT_ID,POS,FLAGS,AUG_ID_REQUIRED,ALLOWED_DELAY_TYPE_ID) values ('NEWKK',       'PBEPRO_KK',20, null, null,null);
Insert into APP_PBE.ORDER_FLOW_ELEMENTS_IN_STATUS (STATUS_ID,ELEMENT_ID,POS,FLAGS,AUG_ID_REQUIRED,ALLOWED_DELAY_TYPE_ID) values ('PAIDKK',      'PBEPRO_KK',20, null, null,null);
Insert into APP_PBE.ORDER_FLOW_ELEMENTS_IN_STATUS (STATUS_ID,ELEMENT_ID,POS,FLAGS,AUG_ID_REQUIRED,ALLOWED_DELAY_TYPE_ID) values ('DOCGENKK',    'PBEPRO_KK',20, null, null,null);
Insert into APP_PBE.ORDER_FLOW_ELEMENTS_IN_STATUS (STATUS_ID,ELEMENT_ID,POS,FLAGS,AUG_ID_REQUIRED,ALLOWED_DELAY_TYPE_ID) values ('PROCESSDKK',  'PBEPRO_KK',20, null, null,null);
Insert into APP_PBE.ORDER_FLOW_ELEMENTS_IN_STATUS (STATUS_ID,ELEMENT_ID,POS,FLAGS,AUG_ID_REQUIRED,ALLOWED_DELAY_TYPE_ID) values ('SENTKK',      'PBEPRO_KK',20, null, null,null);
Insert into APP_PBE.ORDER_FLOW_ELEMENTS_IN_STATUS (STATUS_ID,ELEMENT_ID,POS,FLAGS,AUG_ID_REQUIRED,ALLOWED_DELAY_TYPE_ID) values ('EKSPORTKK',   'PBEPRO_KK',20, null, null,null);
Insert into APP_PBE.ORDER_FLOW_ELEMENTS_IN_STATUS (STATUS_ID,ELEMENT_ID,POS,FLAGS,AUG_ID_REQUIRED,ALLOWED_DELAY_TYPE_ID) values ('CANCELLDKK',  'PBEPRO_KK',20, null, null,null);

Insert into APP_PBE.ORDER_FLOW_ELEMENTS_IN_STATUS (STATUS_ID,ELEMENT_ID,POS,FLAGS,AUG_ID_REQUIRED,ALLOWED_DELAY_TYPE_ID) values ('NEWKK',       'PAYD_KK',30, 'IUM', null,'PAYAFSIGN');
Insert into APP_PBE.ORDER_FLOW_ELEMENTS_IN_STATUS (STATUS_ID,ELEMENT_ID,POS,FLAGS,AUG_ID_REQUIRED,ALLOWED_DELAY_TYPE_ID) values ('PAIDKK',      'PAYD_KK',30, null, null,null);
Insert into APP_PBE.ORDER_FLOW_ELEMENTS_IN_STATUS (STATUS_ID,ELEMENT_ID,POS,FLAGS,AUG_ID_REQUIRED,ALLOWED_DELAY_TYPE_ID) values ('DOCGENKK',    'PAYD_KK',30, null, null,null);
Insert into APP_PBE.ORDER_FLOW_ELEMENTS_IN_STATUS (STATUS_ID,ELEMENT_ID,POS,FLAGS,AUG_ID_REQUIRED,ALLOWED_DELAY_TYPE_ID) values ('PROCESSDKK',  'PAYD_KK',30, null, null,null);
Insert into APP_PBE.ORDER_FLOW_ELEMENTS_IN_STATUS (STATUS_ID,ELEMENT_ID,POS,FLAGS,AUG_ID_REQUIRED,ALLOWED_DELAY_TYPE_ID) values ('SENTKK',      'PAYD_KK',30, null, null,null);
Insert into APP_PBE.ORDER_FLOW_ELEMENTS_IN_STATUS (STATUS_ID,ELEMENT_ID,POS,FLAGS,AUG_ID_REQUIRED,ALLOWED_DELAY_TYPE_ID) values ('EKSPORTKK',   'PAYD_KK',30, null, null,null);
Insert into APP_PBE.ORDER_FLOW_ELEMENTS_IN_STATUS (STATUS_ID,ELEMENT_ID,POS,FLAGS,AUG_ID_REQUIRED,ALLOWED_DELAY_TYPE_ID) values ('CANCELLDKK',  'PAYD_KK',30, null, null,null);

Insert into APP_PBE.ORDER_FLOW_ELEMENTS_IN_STATUS (STATUS_ID,ELEMENT_ID,POS,FLAGS,AUG_ID_REQUIRED,ALLOWED_DELAY_TYPE_ID) values ('NEWKK',       'COND_KK',31, 'IUM', null,'PAYAFSIGN');
Insert into APP_PBE.ORDER_FLOW_ELEMENTS_IN_STATUS (STATUS_ID,ELEMENT_ID,POS,FLAGS,AUG_ID_REQUIRED,ALLOWED_DELAY_TYPE_ID) values ('PAIDKK',      'COND_KK',31, null, null,null);
Insert into APP_PBE.ORDER_FLOW_ELEMENTS_IN_STATUS (STATUS_ID,ELEMENT_ID,POS,FLAGS,AUG_ID_REQUIRED,ALLOWED_DELAY_TYPE_ID) values ('DOCGENKK',    'COND_KK',31, null, null,null);
Insert into APP_PBE.ORDER_FLOW_ELEMENTS_IN_STATUS (STATUS_ID,ELEMENT_ID,POS,FLAGS,AUG_ID_REQUIRED,ALLOWED_DELAY_TYPE_ID) values ('PROCESSDKK',  'COND_KK',31, null, null,null);
Insert into APP_PBE.ORDER_FLOW_ELEMENTS_IN_STATUS (STATUS_ID,ELEMENT_ID,POS,FLAGS,AUG_ID_REQUIRED,ALLOWED_DELAY_TYPE_ID) values ('SENTKK',      'COND_KK',31, null, null,null);
Insert into APP_PBE.ORDER_FLOW_ELEMENTS_IN_STATUS (STATUS_ID,ELEMENT_ID,POS,FLAGS,AUG_ID_REQUIRED,ALLOWED_DELAY_TYPE_ID) values ('EKSPORTKK',   'COND_KK',31, null, null,null);
Insert into APP_PBE.ORDER_FLOW_ELEMENTS_IN_STATUS (STATUS_ID,ELEMENT_ID,POS,FLAGS,AUG_ID_REQUIRED,ALLOWED_DELAY_TYPE_ID) values ('CANCELLDKK',  'COND_KK',31, null, null,null);

Insert into APP_PBE.ORDER_FLOW_ELEMENTS_IN_STATUS (STATUS_ID,ELEMENT_ID,POS,FLAGS,AUG_ID_REQUIRED,ALLOWED_DELAY_TYPE_ID) values ('NEWKK',       'PAYAMA_KK',32, 'IUM', null,'PAYAFSIGN');
Insert into APP_PBE.ORDER_FLOW_ELEMENTS_IN_STATUS (STATUS_ID,ELEMENT_ID,POS,FLAGS,AUG_ID_REQUIRED,ALLOWED_DELAY_TYPE_ID) values ('PAIDKK',      'PAYAMA_KK',32, null, null,null);
Insert into APP_PBE.ORDER_FLOW_ELEMENTS_IN_STATUS (STATUS_ID,ELEMENT_ID,POS,FLAGS,AUG_ID_REQUIRED,ALLOWED_DELAY_TYPE_ID) values ('DOCGENKK',    'PAYAMA_KK',32, null, null,null);
Insert into APP_PBE.ORDER_FLOW_ELEMENTS_IN_STATUS (STATUS_ID,ELEMENT_ID,POS,FLAGS,AUG_ID_REQUIRED,ALLOWED_DELAY_TYPE_ID) values ('PROCESSDKK',  'PAYAMA_KK',32, null, null,null);
Insert into APP_PBE.ORDER_FLOW_ELEMENTS_IN_STATUS (STATUS_ID,ELEMENT_ID,POS,FLAGS,AUG_ID_REQUIRED,ALLOWED_DELAY_TYPE_ID) values ('SENTKK',      'PAYAMA_KK',32, null, null,null);
Insert into APP_PBE.ORDER_FLOW_ELEMENTS_IN_STATUS (STATUS_ID,ELEMENT_ID,POS,FLAGS,AUG_ID_REQUIRED,ALLOWED_DELAY_TYPE_ID) values ('EKSPORTKK',   'PAYAMA_KK',32, null, null,null);
Insert into APP_PBE.ORDER_FLOW_ELEMENTS_IN_STATUS (STATUS_ID,ELEMENT_ID,POS,FLAGS,AUG_ID_REQUIRED,ALLOWED_DELAY_TYPE_ID) values ('CANCELLDKK',  'PAYAMA_KK',32, null, null,null);

Insert into APP_PBE.ORDER_FLOW_ELEMENTS_IN_STATUS (STATUS_ID,ELEMENT_ID,POS,FLAGS,AUG_ID_REQUIRED,ALLOWED_DELAY_TYPE_ID) values ('NEWKK',       'CONAMA_KK',33, 'IUM', null,'PAYAFSIGN');
Insert into APP_PBE.ORDER_FLOW_ELEMENTS_IN_STATUS (STATUS_ID,ELEMENT_ID,POS,FLAGS,AUG_ID_REQUIRED,ALLOWED_DELAY_TYPE_ID) values ('PAIDKK',      'CONAMA_KK',33, null, null,null);
Insert into APP_PBE.ORDER_FLOW_ELEMENTS_IN_STATUS (STATUS_ID,ELEMENT_ID,POS,FLAGS,AUG_ID_REQUIRED,ALLOWED_DELAY_TYPE_ID) values ('DOCGENKK',    'CONAMA_KK',33, null, null,null);
Insert into APP_PBE.ORDER_FLOW_ELEMENTS_IN_STATUS (STATUS_ID,ELEMENT_ID,POS,FLAGS,AUG_ID_REQUIRED,ALLOWED_DELAY_TYPE_ID) values ('PROCESSDKK',  'CONAMA_KK',33, null, null,null);
Insert into APP_PBE.ORDER_FLOW_ELEMENTS_IN_STATUS (STATUS_ID,ELEMENT_ID,POS,FLAGS,AUG_ID_REQUIRED,ALLOWED_DELAY_TYPE_ID) values ('SENTKK',      'CONAMA_KK',33, null, null,null);
Insert into APP_PBE.ORDER_FLOW_ELEMENTS_IN_STATUS (STATUS_ID,ELEMENT_ID,POS,FLAGS,AUG_ID_REQUIRED,ALLOWED_DELAY_TYPE_ID) values ('EKSPORTKK',   'CONAMA_KK',33, null, null,null);
Insert into APP_PBE.ORDER_FLOW_ELEMENTS_IN_STATUS (STATUS_ID,ELEMENT_ID,POS,FLAGS,AUG_ID_REQUIRED,ALLOWED_DELAY_TYPE_ID) values ('CANCELLDKK',  'CONAMA_KK',33, null, null,null);

Insert into APP_PBE.ORDER_FLOW_ELEMENTS_IN_STATUS (STATUS_ID,ELEMENT_ID,POS,FLAGS,AUG_ID_REQUIRED,ALLOWED_DELAY_TYPE_ID) values ('NEWKK',       'TITLE_KK',34, 'IU', null,null);
Insert into APP_PBE.ORDER_FLOW_ELEMENTS_IN_STATUS (STATUS_ID,ELEMENT_ID,POS,FLAGS,AUG_ID_REQUIRED,ALLOWED_DELAY_TYPE_ID) values ('PAIDKK',      'TITLE_KK',34, null, null,null);
Insert into APP_PBE.ORDER_FLOW_ELEMENTS_IN_STATUS (STATUS_ID,ELEMENT_ID,POS,FLAGS,AUG_ID_REQUIRED,ALLOWED_DELAY_TYPE_ID) values ('DOCGENKK',    'TITLE_KK',34, null, null,null);
Insert into APP_PBE.ORDER_FLOW_ELEMENTS_IN_STATUS (STATUS_ID,ELEMENT_ID,POS,FLAGS,AUG_ID_REQUIRED,ALLOWED_DELAY_TYPE_ID) values ('PROCESSDKK',  'TITLE_KK',34, null, null,null);
Insert into APP_PBE.ORDER_FLOW_ELEMENTS_IN_STATUS (STATUS_ID,ELEMENT_ID,POS,FLAGS,AUG_ID_REQUIRED,ALLOWED_DELAY_TYPE_ID) values ('SENTKK',      'TITLE_KK',34, null, null,null);
Insert into APP_PBE.ORDER_FLOW_ELEMENTS_IN_STATUS (STATUS_ID,ELEMENT_ID,POS,FLAGS,AUG_ID_REQUIRED,ALLOWED_DELAY_TYPE_ID) values ('EKSPORTKK',   'TITLE_KK',34, null, null,null);
Insert into APP_PBE.ORDER_FLOW_ELEMENTS_IN_STATUS (STATUS_ID,ELEMENT_ID,POS,FLAGS,AUG_ID_REQUIRED,ALLOWED_DELAY_TYPE_ID) values ('CANCELLDKK',  'TITLE_KK',34, null, null,null);

Insert into APP_PBE.ORDER_FLOW_ELEMENTS_IN_STATUS (STATUS_ID,ELEMENT_ID,POS,FLAGS,AUG_ID_REQUIRED,ALLOWED_DELAY_TYPE_ID) values ('PROCESSDKK',  'DOWNDIS_KK',40, null, null,null);
Insert into APP_PBE.ORDER_FLOW_ELEMENTS_IN_STATUS (STATUS_ID,ELEMENT_ID,POS,FLAGS,AUG_ID_REQUIRED,ALLOWED_DELAY_TYPE_ID) values ('SENTKK',      'DOWNDIS_KK',40, null, null,null);
Insert into APP_PBE.ORDER_FLOW_ELEMENTS_IN_STATUS (STATUS_ID,ELEMENT_ID,POS,FLAGS,AUG_ID_REQUIRED,ALLOWED_DELAY_TYPE_ID) values ('EKSPORTKK',   'DOWNDIS_KK',40, null, null,null);

Insert into APP_PBE.ORDER_FLOW_ELEMENTS_IN_STATUS (STATUS_ID,ELEMENT_ID,POS,FLAGS,AUG_ID_REQUIRED,ALLOWED_DELAY_TYPE_ID) values ('PROCESSDKK',  'ORDEMA_KK',50, 'IUM', null,null);
Insert into APP_PBE.ORDER_FLOW_ELEMENTS_IN_STATUS (STATUS_ID,ELEMENT_ID,POS,FLAGS,AUG_ID_REQUIRED,ALLOWED_DELAY_TYPE_ID) values ('SENTKK',      'ORDEMA_KK',50, null, null,null);
Insert into APP_PBE.ORDER_FLOW_ELEMENTS_IN_STATUS (STATUS_ID,ELEMENT_ID,POS,FLAGS,AUG_ID_REQUIRED,ALLOWED_DELAY_TYPE_ID) values ('EKSPORTKK',   'ORDEMA_KK',50, null, null,null);

Insert into APP_PBE.ORDER_FLOW_ELEMENTS_IN_STATUS (STATUS_ID,ELEMENT_ID,POS,FLAGS,AUG_ID_REQUIRED,ALLOWED_DELAY_TYPE_ID) values ('PROCESSDKK',  'ATTAC01_KK',60, 'IU', null,null);
Insert into APP_PBE.ORDER_FLOW_ELEMENTS_IN_STATUS (STATUS_ID,ELEMENT_ID,POS,FLAGS,AUG_ID_REQUIRED,ALLOWED_DELAY_TYPE_ID) values ('SENTKK',      'ATTAC01_KK',60, null, null,null);
Insert into APP_PBE.ORDER_FLOW_ELEMENTS_IN_STATUS (STATUS_ID,ELEMENT_ID,POS,FLAGS,AUG_ID_REQUIRED,ALLOWED_DELAY_TYPE_ID) values ('EKSPORTKK',   'ATTAC01_KK',60, null, null,null);




Insert into APP_PBE.ORDER_FLOW_ELEMENTS_IN_STATUS (STATUS_ID,ELEMENT_ID,POS,FLAGS,AUG_ID_REQUIRED,ALLOWED_DELAY_TYPE_ID) values ('NEWKK',       'CANREAS_KK',115, 'IU', null,null);
Insert into APP_PBE.ORDER_FLOW_ELEMENTS_IN_STATUS (STATUS_ID,ELEMENT_ID,POS,FLAGS,AUG_ID_REQUIRED,ALLOWED_DELAY_TYPE_ID) values ('PAIDKK',      'CANREAS_KK',115, 'IU', null,null);
Insert into APP_PBE.ORDER_FLOW_ELEMENTS_IN_STATUS (STATUS_ID,ELEMENT_ID,POS,FLAGS,AUG_ID_REQUIRED,ALLOWED_DELAY_TYPE_ID) values ('CANCELLDKK',  'CANREAS_KK',115, null, null,null);





--Insert into APP_PBE.ORDER_FLOW_STATUS_TRANSITIONS (ORDER_FLOW_ID,STATUS_ID,ACTION_ID,ACTION_NAME,ACTION_DESCRIPTION,ACTION_CLASS,NEXT_STATUS_ID,AUG_ID_REQUIRED) values (100,'NEWKK',10011,'TEST','TEST',null,'NEWKK',null);
--Insert into APP_PBE.ORDER_FLOW_STATUS_TRANSITIONS (ORDER_FLOW_ID,STATUS_ID,ACTION_ID,ACTION_NAME,ACTION_DESCRIPTION,ACTION_CLASS,NEXT_STATUS_ID,AUG_ID_REQUIRED) values (100,'PAIDKK',10021,'TEST','TEST',null,'NEWKK',null);
--Insert into APP_PBE.ORDER_FLOW_STATUS_TRANSITIONS (ORDER_FLOW_ID,STATUS_ID,ACTION_ID,ACTION_NAME,ACTION_DESCRIPTION,ACTION_CLASS,NEXT_STATUS_ID,AUG_ID_REQUIRED) values (100,'PROCESSDKK',10031,'TETS','TEST',null,'NEWKK',null);
--Insert into APP_PBE.ORDER_FLOW_STATUS_TRANSITIONS (ORDER_FLOW_ID,STATUS_ID,ACTION_ID,ACTION_NAME,ACTION_DESCRIPTION,ACTION_CLASS,NEXT_STATUS_ID,AUG_ID_REQUIRED) values (100,'SENTKK',10031,'TEST','TEST',null,'NEWKK',null);
--Insert into APP_PBE.ORDER_FLOW_STATUS_TRANSITIONS (ORDER_FLOW_ID,STATUS_ID,ACTION_ID,ACTION_NAME,ACTION_DESCRIPTION,ACTION_CLASS,NEXT_STATUS_ID,AUG_ID_REQUIRED) values (100,'CANCELLDKK',10041,'TEST','TEST',null,'NEWKK',null);



