


/*
delete from APP_PBE.ORDER_ELEMENTS where ID in (select OE.ID from APP_PBE.ORDER_ELEMENTS OE inner join APP_PBE.ORDERS O on OE.ORDER_ID = O.ID where O.ORDER_FLOW_ID = 100);
delete APP_PBE.ORDER_FLOW_ELEMENTS_IN_STATUS where STATUS_ID in ('NEWKK', 'PAIDKK', 'PROCESSDKK', 'SENTKK', 'CANCELLDKK');
delete from APP_PBE.ORDER_FLOW_ELEMENTS where ELEMENT_ID in ('PAYD_KK', 'COND_KK', 'PAYAMA_KK', 'CONAMA_KK');

delete from APP_PBE.ORDER_FLOW_STATUS_TRANSITIONS  where ORDER_FLOW_ID = 100;

update APP_PBE.ORDERS set ORDER_FLOW_ID = -1 where ORDER_FLOW_ID = 100;
update APP_PBE.ORDERS set STATUS_ID = 'NEW1' where STATUS_ID in ('NEWKK', 'PAIDKK', 'PROCESSDKK', 'SENTKK', 'CANCELLDKK');

delete from APP_PBE.ORDER_FLOWS where ID = 100;
delete from APP_PBE.ORDER_FLOW_STATUSES where STATUS_ID in ('NEWKK', 'PAIDKK', 'PROCESSDKK', 'SENTKK', 'CANCELLDKK');
delete from APP_PBE.GRANT_PROGRAMS where ID = 100;
delete from APP_PBE.GRANT_OWNERS where ID = 100;
*/










------

Insert into APP_PBE.GRANT_OWNERS (ID,NAME,EMAIL_ADDRESSES_GRANT_APP_INFO) values (100,'Sodexo - Kierunek Kariera','marcel.golunski@sodexo.com');
Insert into APP_PBE.GRANT_PROGRAMS (ID,GRANT_OWNER_ID,PROGRAM_NAME,START_DATE,END_DATE) values (100, 100,'Kierunek Kariera',to_date('16/10/01','RR/MM/DD'),null);

Insert into APP_PBE.ORDER_FLOW_STATUSES (STATUS_ID,STATUS_NAME) values ('NEWKK', 'Nowe');
Insert into APP_PBE.ORDER_FLOW_STATUSES (STATUS_ID,STATUS_NAME) values ('PAIDKK', 'Op³acone');
Insert into APP_PBE.ORDER_FLOW_STATUSES (STATUS_ID,STATUS_NAME) values ('PROCESSDKK', 'Zrealizowane');
Insert into APP_PBE.ORDER_FLOW_STATUSES (STATUS_ID,STATUS_NAME) values ('SENTKK', 'Wys³ane');
Insert into APP_PBE.ORDER_FLOW_STATUSES (STATUS_ID,STATUS_NAME) values ('CANCELLDKK', 'Anulowane');

Insert into APP_PBE.ORDER_FLOWS (ID,NAME,INITIAL_STATUS_ID) values ('100','Przepyw zamówienia - Kierunek Kariera','NEWKK');



Insert into APP_PBE.ORDER_FLOW_STATUS_TRANSITIONS (ORDER_FLOW_ID,STATUS_ID,ACTION_ID,ACTION_NAME,ACTION_DESCRIPTION,ACTION_CLASS,NEXT_STATUS_ID,AUG_ID_REQUIRED) values (100,'NEWKK',10012,'Rejestruj wp³atê','Akcja rejestruj¹ca wpatê wkadu wasnego','careerDirectionRegisterPayment','PAIDKK',null);
Insert into APP_PBE.ORDER_FLOW_STATUS_TRANSITIONS (ORDER_FLOW_ID,STATUS_ID,ACTION_ID,ACTION_NAME,ACTION_DESCRIPTION,ACTION_CLASS,NEXT_STATUS_ID,AUG_ID_REQUIRED) values (100,'PAIDKK',10023,'Realizuj zamówienie','Akcja wydaje bony elektroniczne oraz generuje niezbêdne dokumenty ksiêgowe','careerDirectionRealizeOrder','PROCESSDKK',null);
Insert into APP_PBE.ORDER_FLOW_STATUS_TRANSITIONS (ORDER_FLOW_ID,STATUS_ID,ACTION_ID,ACTION_NAME,ACTION_DESCRIPTION,ACTION_CLASS,NEXT_STATUS_ID,AUG_ID_REQUIRED) values (100,'PROCESSDKK',10034,'Wyœlij zamówienie','Akcja wysy³a maila do u¿ytkownika z niezbednymi danymi','careerDirectionSendOrder','SENTKK',null);

Insert into APP_PBE.ORDER_FLOW_STATUS_TRANSITIONS (ORDER_FLOW_ID,STATUS_ID,ACTION_ID,ACTION_NAME,ACTION_DESCRIPTION,ACTION_CLASS,NEXT_STATUS_ID,AUG_ID_REQUIRED) values (100,'NEWKK',10015,'Anuluj','Akcja rejestruj¹ca wpatê wkadu wasnego',null,'CANCELLDKK',null);
Insert into APP_PBE.ORDER_FLOW_STATUS_TRANSITIONS (ORDER_FLOW_ID,STATUS_ID,ACTION_ID,ACTION_NAME,ACTION_DESCRIPTION,ACTION_CLASS,NEXT_STATUS_ID,AUG_ID_REQUIRED) values (100,'PAIDKK',10025,'Anuluj','Akcja wydaje bony elektroniczne oraz generuje niezbêdne dokumenty ksiêgowe',null,'CANCELLDKK',null);
Insert into APP_PBE.ORDER_FLOW_STATUS_TRANSITIONS (ORDER_FLOW_ID,STATUS_ID,ACTION_ID,ACTION_NAME,ACTION_DESCRIPTION,ACTION_CLASS,NEXT_STATUS_ID,AUG_ID_REQUIRED) values (100,'PROCESSDKK',10035,'Anuluj','Akcja wysy³a maila do u¿ytkownika z niezbednymi danymi',null,'CANCELLDKK',null);

Insert into APP_PBE.ORDER_FLOW_STATUS_TRANSITIONS (ORDER_FLOW_ID,STATUS_ID,ACTION_ID,ACTION_NAME,ACTION_DESCRIPTION,ACTION_CLASS,NEXT_STATUS_ID,AUG_ID_REQUIRED) values (100,'NEWKK',10011,'TEST','TEST',null,'NEWKK',null);
Insert into APP_PBE.ORDER_FLOW_STATUS_TRANSITIONS (ORDER_FLOW_ID,STATUS_ID,ACTION_ID,ACTION_NAME,ACTION_DESCRIPTION,ACTION_CLASS,NEXT_STATUS_ID,AUG_ID_REQUIRED) values (100,'PAIDKK',10021,'TEST','TEST',null,'NEWKK',null);
Insert into APP_PBE.ORDER_FLOW_STATUS_TRANSITIONS (ORDER_FLOW_ID,STATUS_ID,ACTION_ID,ACTION_NAME,ACTION_DESCRIPTION,ACTION_CLASS,NEXT_STATUS_ID,AUG_ID_REQUIRED) values (100,'PROCESSDKK',10031,'TETS','TEST',null,'NEWKK',null);
Insert into APP_PBE.ORDER_FLOW_STATUS_TRANSITIONS (ORDER_FLOW_ID,STATUS_ID,ACTION_ID,ACTION_NAME,ACTION_DESCRIPTION,ACTION_CLASS,NEXT_STATUS_ID,AUG_ID_REQUIRED) values (100,'SENTKK',10031,'TEST','TEST',null,'NEWKK',null);
Insert into APP_PBE.ORDER_FLOW_STATUS_TRANSITIONS (ORDER_FLOW_ID,STATUS_ID,ACTION_ID,ACTION_NAME,ACTION_DESCRIPTION,ACTION_CLASS,NEXT_STATUS_ID,AUG_ID_REQUIRED) values (100,'CANCELLDKK',10041,'TEST','TEST',null,'NEWKK',null);


Insert into APP_PBE.ORDER_FLOW_ELEMENTS (ELEMENT_ID,ELEMENT_NAME,ELEMENT_TYPE_ID,ELEMENT_TYPE_PARAMS,ELEMENT_DESCRIPTION) values ('PAYD_KK','Data wp³aty (wp³yniêcia œrodków)','ATTR_D','FORMAT=DATE','Data wp³aty (wp³yniêcia œrodków)');
Insert into APP_PBE.ORDER_FLOW_ELEMENTS (ELEMENT_ID,ELEMENT_NAME,ELEMENT_TYPE_ID,ELEMENT_TYPE_PARAMS,ELEMENT_DESCRIPTION) values ('COND_KK','Data podpiêcia p³atnoœci','ATTR_D','FORMAT=DATE','Data podpiêcia p³atnoœci');
Insert into APP_PBE.ORDER_FLOW_ELEMENTS (ELEMENT_ID,ELEMENT_NAME,ELEMENT_TYPE_ID,ELEMENT_TYPE_PARAMS,ELEMENT_DESCRIPTION) values ('PAYAMA_KK','Kwota wp³aty','ATTR_N','FORMAT=CURRENCY','Kwota wp³aty');
Insert into APP_PBE.ORDER_FLOW_ELEMENTS (ELEMENT_ID,ELEMENT_NAME,ELEMENT_TYPE_ID,ELEMENT_TYPE_PARAMS,ELEMENT_DESCRIPTION) values ('CONAMA_KK','Kwota podpiêcia','ATTR_N','FORMAT=CURRENCY','Kwota podpiêcia');
Insert into APP_PBE.ORDER_FLOW_ELEMENTS (ELEMENT_ID,ELEMENT_NAME,ELEMENT_TYPE_ID,ELEMENT_TYPE_PARAMS,ELEMENT_DESCRIPTION) values ('TITLE_KK','Tytu³ przelewu','ATTR_V','MAX_LENGTH=50;TYPE=TEXTAREA;ROWS=10;COLS=50; ','Tytu³ przelewu');
Insert into APP_PBE.ORDER_FLOW_ELEMENTS (ELEMENT_ID,ELEMENT_NAME,ELEMENT_TYPE_ID,ELEMENT_TYPE_PARAMS,ELEMENT_DESCRIPTION) values ('CANREAS_KK','Przyczyna anulowania zamówienia','COMBOBOX','SQL_EXPRESSION=select ''BRAK_WP'', ''Nie wpacono wpaty wasnej'' from dual union select ''INNE'', ''Inne''  from dual','Przyczyna anulowania zamówienia');

Insert into APP_PBE.ORDER_FLOW_ELEMENTS (ELEMENT_ID,ELEMENT_NAME,ELEMENT_TYPE_ID,ELEMENT_TYPE_PARAMS,ELEMENT_DESCRIPTION) values ('ADREMA_KK','Adres e-mail','ATTR_V','MAX_LENGTH=20;','Adres e-mail');
Insert into APP_PBE.ORDER_FLOW_ELEMENTS (ELEMENT_ID,ELEMENT_NAME,ELEMENT_TYPE_ID,ELEMENT_TYPE_PARAMS,ELEMENT_DESCRIPTION) values ('TITEMA_KK','Temat e-mail','ATTR_V','MAX_LENGTH=20;','Temat e-mail');
Insert into APP_PBE.ORDER_FLOW_ELEMENTS (ELEMENT_ID,ELEMENT_NAME,ELEMENT_TYPE_ID,ELEMENT_TYPE_PARAMS,ELEMENT_DESCRIPTION) values ('BODEMA_KK','Treœæ e-mail','ATTR_V','MAX_LENGTH=500;TYPE=TEXTAREA;ROWS=10;COLS=50;','Treœæ e-mail');


Insert into APP_PBE.ORDER_FLOW_ELEMENTS_IN_STATUS (STATUS_ID,ELEMENT_ID,POS,FLAGS,AUG_ID_REQUIRED,ALLOWED_DELAY_TYPE_ID) values ('NEWKK',       'PAYD_KK',10, 'IU', null,null);
Insert into APP_PBE.ORDER_FLOW_ELEMENTS_IN_STATUS (STATUS_ID,ELEMENT_ID,POS,FLAGS,AUG_ID_REQUIRED,ALLOWED_DELAY_TYPE_ID) values ('PAIDKK',      'PAYD_KK',10, 'IU', null,null);
Insert into APP_PBE.ORDER_FLOW_ELEMENTS_IN_STATUS (STATUS_ID,ELEMENT_ID,POS,FLAGS,AUG_ID_REQUIRED,ALLOWED_DELAY_TYPE_ID) values ('PROCESSDKK',  'PAYD_KK',10, 'IU', null,null);
Insert into APP_PBE.ORDER_FLOW_ELEMENTS_IN_STATUS (STATUS_ID,ELEMENT_ID,POS,FLAGS,AUG_ID_REQUIRED,ALLOWED_DELAY_TYPE_ID) values ('SENTKK',      'PAYD_KK',10, null, null,null);
Insert into APP_PBE.ORDER_FLOW_ELEMENTS_IN_STATUS (STATUS_ID,ELEMENT_ID,POS,FLAGS,AUG_ID_REQUIRED,ALLOWED_DELAY_TYPE_ID) values ('CANCELLDKK',  'PAYD_KK',10, null, null,null);

Insert into APP_PBE.ORDER_FLOW_ELEMENTS_IN_STATUS (STATUS_ID,ELEMENT_ID,POS,FLAGS,AUG_ID_REQUIRED,ALLOWED_DELAY_TYPE_ID) values ('NEWKK',       'COND_KK',11, 'IU', null,null);
Insert into APP_PBE.ORDER_FLOW_ELEMENTS_IN_STATUS (STATUS_ID,ELEMENT_ID,POS,FLAGS,AUG_ID_REQUIRED,ALLOWED_DELAY_TYPE_ID) values ('PAIDKK',      'COND_KK',11, 'IU', null,null);
Insert into APP_PBE.ORDER_FLOW_ELEMENTS_IN_STATUS (STATUS_ID,ELEMENT_ID,POS,FLAGS,AUG_ID_REQUIRED,ALLOWED_DELAY_TYPE_ID) values ('PROCESSDKK',  'COND_KK',11, 'IU', null,null);
Insert into APP_PBE.ORDER_FLOW_ELEMENTS_IN_STATUS (STATUS_ID,ELEMENT_ID,POS,FLAGS,AUG_ID_REQUIRED,ALLOWED_DELAY_TYPE_ID) values ('SENTKK',      'COND_KK',11, null, null,null);
Insert into APP_PBE.ORDER_FLOW_ELEMENTS_IN_STATUS (STATUS_ID,ELEMENT_ID,POS,FLAGS,AUG_ID_REQUIRED,ALLOWED_DELAY_TYPE_ID) values ('CANCELLDKK',  'COND_KK',11, null, null,null);

Insert into APP_PBE.ORDER_FLOW_ELEMENTS_IN_STATUS (STATUS_ID,ELEMENT_ID,POS,FLAGS,AUG_ID_REQUIRED,ALLOWED_DELAY_TYPE_ID) values ('NEWKK',       'PAYAMA_KK',12, 'IU', null,null);
Insert into APP_PBE.ORDER_FLOW_ELEMENTS_IN_STATUS (STATUS_ID,ELEMENT_ID,POS,FLAGS,AUG_ID_REQUIRED,ALLOWED_DELAY_TYPE_ID) values ('PAIDKK',      'PAYAMA_KK',12, 'IU', null,null);
Insert into APP_PBE.ORDER_FLOW_ELEMENTS_IN_STATUS (STATUS_ID,ELEMENT_ID,POS,FLAGS,AUG_ID_REQUIRED,ALLOWED_DELAY_TYPE_ID) values ('PROCESSDKK',  'PAYAMA_KK',12, 'IU', null,null);
Insert into APP_PBE.ORDER_FLOW_ELEMENTS_IN_STATUS (STATUS_ID,ELEMENT_ID,POS,FLAGS,AUG_ID_REQUIRED,ALLOWED_DELAY_TYPE_ID) values ('SENTKK',      'PAYAMA_KK',12, null, null,null);
Insert into APP_PBE.ORDER_FLOW_ELEMENTS_IN_STATUS (STATUS_ID,ELEMENT_ID,POS,FLAGS,AUG_ID_REQUIRED,ALLOWED_DELAY_TYPE_ID) values ('CANCELLDKK',  'PAYAMA_KK',12, null, null,null);

Insert into APP_PBE.ORDER_FLOW_ELEMENTS_IN_STATUS (STATUS_ID,ELEMENT_ID,POS,FLAGS,AUG_ID_REQUIRED,ALLOWED_DELAY_TYPE_ID) values ('NEWKK',       'CONAMA_KK',13, 'IU', null,null);
Insert into APP_PBE.ORDER_FLOW_ELEMENTS_IN_STATUS (STATUS_ID,ELEMENT_ID,POS,FLAGS,AUG_ID_REQUIRED,ALLOWED_DELAY_TYPE_ID) values ('PAIDKK',      'CONAMA_KK',13, 'IU', null,null);
Insert into APP_PBE.ORDER_FLOW_ELEMENTS_IN_STATUS (STATUS_ID,ELEMENT_ID,POS,FLAGS,AUG_ID_REQUIRED,ALLOWED_DELAY_TYPE_ID) values ('PROCESSDKK',  'CONAMA_KK',13, 'IU', null,null);
Insert into APP_PBE.ORDER_FLOW_ELEMENTS_IN_STATUS (STATUS_ID,ELEMENT_ID,POS,FLAGS,AUG_ID_REQUIRED,ALLOWED_DELAY_TYPE_ID) values ('SENTKK',      'CONAMA_KK',13, null, null,null);
Insert into APP_PBE.ORDER_FLOW_ELEMENTS_IN_STATUS (STATUS_ID,ELEMENT_ID,POS,FLAGS,AUG_ID_REQUIRED,ALLOWED_DELAY_TYPE_ID) values ('CANCELLDKK',  'CONAMA_KK',13, null, null,null);

Insert into APP_PBE.ORDER_FLOW_ELEMENTS_IN_STATUS (STATUS_ID,ELEMENT_ID,POS,FLAGS,AUG_ID_REQUIRED,ALLOWED_DELAY_TYPE_ID) values ('NEWKK',       'TITLE_KK',14, 'IU', null,null);
Insert into APP_PBE.ORDER_FLOW_ELEMENTS_IN_STATUS (STATUS_ID,ELEMENT_ID,POS,FLAGS,AUG_ID_REQUIRED,ALLOWED_DELAY_TYPE_ID) values ('PAIDKK',      'TITLE_KK',14, 'IU', null,null);
Insert into APP_PBE.ORDER_FLOW_ELEMENTS_IN_STATUS (STATUS_ID,ELEMENT_ID,POS,FLAGS,AUG_ID_REQUIRED,ALLOWED_DELAY_TYPE_ID) values ('PROCESSDKK',  'TITLE_KK',14, 'IU', null,null);
Insert into APP_PBE.ORDER_FLOW_ELEMENTS_IN_STATUS (STATUS_ID,ELEMENT_ID,POS,FLAGS,AUG_ID_REQUIRED,ALLOWED_DELAY_TYPE_ID) values ('SENTKK',      'TITLE_KK',14, null, null,null);
Insert into APP_PBE.ORDER_FLOW_ELEMENTS_IN_STATUS (STATUS_ID,ELEMENT_ID,POS,FLAGS,AUG_ID_REQUIRED,ALLOWED_DELAY_TYPE_ID) values ('CANCELLDKK',  'TITLE_KK',14, null, null,null);

Insert into APP_PBE.ORDER_FLOW_ELEMENTS_IN_STATUS (STATUS_ID,ELEMENT_ID,POS,FLAGS,AUG_ID_REQUIRED,ALLOWED_DELAY_TYPE_ID) values ('NEWKK',       'CANREAS_KK',15, 'IU', null,null);
Insert into APP_PBE.ORDER_FLOW_ELEMENTS_IN_STATUS (STATUS_ID,ELEMENT_ID,POS,FLAGS,AUG_ID_REQUIRED,ALLOWED_DELAY_TYPE_ID) values ('PAIDKK',      'CANREAS_KK',15, 'IU', null,null);
Insert into APP_PBE.ORDER_FLOW_ELEMENTS_IN_STATUS (STATUS_ID,ELEMENT_ID,POS,FLAGS,AUG_ID_REQUIRED,ALLOWED_DELAY_TYPE_ID) values ('CANCELLDKK',  'CANREAS_KK',15, null, null,null);

Insert into APP_PBE.ORDER_FLOW_ELEMENTS_IN_STATUS (STATUS_ID,ELEMENT_ID,POS,FLAGS,AUG_ID_REQUIRED,ALLOWED_DELAY_TYPE_ID) values ('PROCESSDKK',  'ADREMA_KK',17, 'IU', null,null);
Insert into APP_PBE.ORDER_FLOW_ELEMENTS_IN_STATUS (STATUS_ID,ELEMENT_ID,POS,FLAGS,AUG_ID_REQUIRED,ALLOWED_DELAY_TYPE_ID) values ('SENTKK',      'ADREMA_KK',17, null, null,null);

Insert into APP_PBE.ORDER_FLOW_ELEMENTS_IN_STATUS (STATUS_ID,ELEMENT_ID,POS,FLAGS,AUG_ID_REQUIRED,ALLOWED_DELAY_TYPE_ID) values ('PROCESSDKK',  'TITEMA_KK',18, 'IU', null,null);
Insert into APP_PBE.ORDER_FLOW_ELEMENTS_IN_STATUS (STATUS_ID,ELEMENT_ID,POS,FLAGS,AUG_ID_REQUIRED,ALLOWED_DELAY_TYPE_ID) values ('SENTKK',      'TITEMA_KK',18, null, null,null);

Insert into APP_PBE.ORDER_FLOW_ELEMENTS_IN_STATUS (STATUS_ID,ELEMENT_ID,POS,FLAGS,AUG_ID_REQUIRED,ALLOWED_DELAY_TYPE_ID) values ('PROCESSDKK',  'BODEMA_KK',19, 'IU', null,null);
Insert into APP_PBE.ORDER_FLOW_ELEMENTS_IN_STATUS (STATUS_ID,ELEMENT_ID,POS,FLAGS,AUG_ID_REQUIRED,ALLOWED_DELAY_TYPE_ID) values ('SENTKK',      'BODEMA_KK',19, null, null,null);






